<?xml version="1.0" encoding="UTF-8" standalone="yes"?>
<addon id="adelnr" name="adelnrrepo" version="1.0" provider-name="adelalrahmani">
    <extension point="xbmc.addon.repository" name="adelnrrepo">
        <dir>
            <info compressed="false">https://raw.githubusercontent.com/adelnr/repo/master/repo/zips/addons.xml</info>
            <checksum>https://raw.githubusercontent.com/adelnr/repo/master/repo/zips/addons.xml.md5</checksum>
            <datadir zip="true">https://raw.githubusercontent.com/adelnr/repo/master/repo/zips/</datadir>
        </dir>
    </extension>
    <extension point="xbmc.addon.metadata">
        <summary>REPO_NAME_HERE</summary>
        <description>Best Kodi Wizard</description>
        <disclaimer></disclaimer>
        <platform>all</platform>
        <assets>
            <icon>icon.png</icon>
            <fanart>fanart.jpg</fanart>
        </assets>
    </extension>
</addon>